id,answers,score
1,عيسى عليه السلام,2
1,النبي عيسى عليه السلام,2
1,نبي الله عيسى عليه السلام,2
1,نبي الله عيسى,2
1,النبي عيسى,2
1,النبي عيسى عليه السلام,2
1,عيسى نبي الله,2
1,نبي الله عيسى بن مريم,2
1,عيسى نبي الله,2
1,النبي عيسى,2
1,النبي عيسى عليه السلام,2
1,عيسى عليه السلام,2
1,النبي عيسى ومائدة الرزق,2
1,الرسول عيسى عليه السلام,2
1,عيسى بن مريم,2
1,النبي عيسى وموقف المائدة من السماء,2
1,نبي الله عيسى بن مريم,2
1,النبي عيسى عند النصارى,2
1,النبي عيسى الذي أتاهم بالمائدة من السماء,2
1,عيسى عليه السلام,2
1,عيسى نبي الله,2
1,عيسى الذي أنزل الله له الطعام,2
1,نبي الله عيسى عليه السلام,2
1,النبي عيسى,2
1,النبي عيسى ومائدة الرزق,1
1,عيسى عليه السلام عند النصارى,1
1,النبي عيسى ومائدة الرزق,1
1,عيسى وموقف المائدة,1
1,عيسى وموقف المائدة,1
1,النبي عيسى عند النصارى,1
1,نبي الله عيسى عليه السلام بالتفصيل,1
1,عيسى نبي الله ومائدة الرزق,1
1,عيسى وموقف المائدة,1
1,النبي عيسى وحدوث المعجزات,1
1,نبي الله عيسى عليه السلام بالتفصيل,1
1,النبي عيسى الذي أتاهم بالمائدة من السماء,1
1,عيسى نبي الله ومائدة الرزق,1
1,عيسى وموقف المائدة,1
1,النبي عيسى وحدوث المعجزات,1
1,نبي الله عيسى عليه السلام بالتفصيل,1
1,النبي عيسى الذي أتاهم بالمائدة من السماء,1
1,عيسى نبي الله ومائدة الرزق,1
1,النبي عيسى وحدوث المعجزة السماوية,1
1,عيسى وتحدي اليهود بالمعجزة,1
1,الرسول عيسى ومسألة المائدة السماوية,1
1,عيسى والتجسيد في الكتاب المقدس,1
1,النبي عيسى وحدوث النبوات,1
1,محمد صلى الله عليه وسلم,0
1,نوح عليه السلام,0
1,إسماعيل عليه السلام,0
1,إبراهيم عليه السلام,0
1,موسى عليه السلام,0
1,ع,0
1,عيس,0
1,النبي,0
1,محمد صلى الله عليه وسلم,0
1,نوح عليه السلام,0
1,إسماعيل عليه السلام,0
1,موسى عليه السلام,0
1,إبراهيم عليه السلام,0
1,عيسى ابنته عائشة,0
1,زكريا عليه السلام,0
1,عيسى ورحلة الإسراء والمعراج,0
1,عيسى وموقف المائدة في الكتاب المقدس,0
1,موسى والأسرة من السماء,0
1,زكريا,0
1,جبريل عليه السلام,0
1,عيسى والتجسيد في الكتاب المقدس,0
1,سعد بن معاذ,0
1,حمزة بن عبد المطلب,0
1,الخليفة علي بن أبي طالب,0
1,النبي موسى عليه السلام,0
1,عمر بن الخطاب,0
1,عثمان بن عفان,0
1,أبو بكر الصديق,0
1,الإمام علي,0
1,أحمد بن حنبل,0
1,جبريل عليه السلام,0
2,النبي زكريا عليه السلام,2
2,النبي زكريا,2
2,زكريا عليه السلام,2
2,النبي زكريا الذي كفل السيدة مريم,2
2,زكريا الذي كفل السيدة مريم,2
2,النبي زكريا وكفالته للسيدة مريم,2
2,النبي زكريا ومسؤوليته عن السيدة مريم,2
2,النبي زكريا وكفالته لمريم العذراء,2
2,زكريا ورعايته للسيدة مريم,2
2,الرسول زكريا ومراعاته للسيدة مريم,2
2,النبي زكريا الذي كفل السيدة مريم,2
2,زكريا ومسؤوليته عن العذراء مريم,2
2,زكريا النبي ورعايته للسيدة مريم,2
2,الرسول زكريا واهتمامه بمريم العذراء,2
2,زكريا وحمايته للعذراء مريم,2
2,النبي زكريا وكفالته لمريم الصالحة,2
2,زكريا الذي اهتم بالسيدة مريم,2
2,الرسول زكريا وحماية السيدة مريم,2
2,زكريا ومراعاته للعذراء مريم,2
2,النبي زكريا وكفالته للسيدة مريم الصالحة,2
2,زكريا الذي رعى السيدة مريم,2
2,النبي زكريا عليه السلام,2
2,زكريا عليه السلام,2
2,النبي زكريا,2
2,زكريا النبي,2
2,الرسول زكريا,2
2,زكريا الذي كفل السيدة مريم,2
2,النبي زكريا وكفالته للسيدة مريم,2
2,زكريا ورعايته للسيدة مريم,2
2,النبي زكريا ورعاية السيدة مريم,2
2,زكريا الذي كفل مريم العذراء,2
2,الرسول زكريا واهتمامه بمريم العذراء,2
2,زكريا ومراعاته لمريم العذراء,2
2,النبي زكريا وكفالته لمريم العذراء,2
2,زكريا وكفالته للعذراء مريم,2
2,الرسول زكريا ورعايته للعذراء مريم,2
2,زكريا وحمايته للعذراء مريم,2
2,النبي زكريا وكفالته لمريم الصالحة,2
2,زكريا الذي كفل مريم الطاهرة,2
2,الرسول زكريا واهتمامه بمريم الصالحة,2
2,زكريا ومسؤوليته عن السيدة مريم,2
2,النبي محمد صلى الله عليه وسلم,0
2,النبي محمد,0
2,الرسول محمد,0
2,محمد الرسول,0
2,الرسول محمد وكفالته لمريم العذراء,0
2,محمد وكفالته للسيدة مريم,0
2,النبي محمد ورعايته للسيدة مريم,0
2,محمد النبي,0
2,النبي محمد وكفالته لمريم الصالحة,0
2,النبي محمد ورعاية السيدة مريم,0
2,زكر,0
2,زكر,0
2,زكر,0
2,ز,0
2,الرسول زكريا وكفالته للسيدة مريم بالتفصيل,1
2,الرسول زكريا وحماية العذراء مريم,1
2,زكريا واهتمامه بالسيدة مريم,1
2,الرسول زكريا وكفالته للعذراء مريم,1
2,النبي زكريا وحمايته للعذراء مريم,1
2,زكريا الرسول ورعاية السيدة مريم,1
2,الرسول زكريا ورعاية السيدة مريم الصالحة,1
2,النبي زكريا وكفالته للسيدة مريم الطاهرة,1
2,زكريا ومسؤوليته عن مريم الصالحة,1
2,النبي زكريا ورعاية مريم الصالحة,1
2,الرسول محمد,0
2,النبي محمد,0
2,محمد الرسول,0
2,الرسول محمد وكفالته للسيدة مريم,0
2,محمد وكفالته للسيدة مريم,0
2,النبي محمد ورعايته للسيدة مريم,0
2,محمد النبي,0
2,النبي محمد وكفالته لمريم الصالحة,0
2,النبي محمد ورعاية السيدة مريم,0
2,الرسول محمد وحماية السيدة مريم,0
2,النبي محمد وكفالته لمريم العذراء,0
2,محمد وحماية مريم العذراء,0
2,الرسول محمد واهتمامه بمريم العذراء,0
2,محمد الرسول ورعاية السيدة مريم,0
2,النبي محمد وكفالته للعذراء مريم,0
2,النبي محمد ورعايته لمريم العذراء,0
2,الرسول محمد وكفالته للسيدة مريم بالتفصيل,0
2,محمد وكفالته لمريم الطاهرة,0
2,النبي محمد وحماية السيدة مريم,0
2,الرسول محمد واهتمامه بالسيدة مريم,0
2,محمد النبي وكفالته لمريم الصالحة,0
2,الرسول محمد ورعايته للعذراء مريم,0
3,سجدة السهو,2
3,سجدة السهو تأتي في حال النسيان,2
3,عند نسيان أمر معين في الصلاة، يأتي المصلي بسجدة السهو,2
3,في حالة الإهمال أو النسيان خلال الصلاة، يقوم المصلي بأداء سجدة السهو,2
3,سجدة السهو تكون حلاً عندما ينسى المصلي شيئًا في الصلاة,2
3,عندما يحدث خطأ في الصلاة بسبب النسيان، يأتي المصلي بسجدة السهو,2
3,سجدة السهو تُصلى لتصحيح الأخطاء التي قد تحدث في الصلاة,2
3,إذا كان هناك نسيان في الأداء الصحيح للصلاة، يكون سجدة السهو ضرورية,2
3,المسلم يقوم بسجدة السهو لتصحيح الأوقات التي ينسى فيها أداء أمور معينة في الصلاة,2
3,سجدة السهو تكون وسيلة لتصحيح الأوضاع التي تحدث خللًا في الصلاة,2
3,عند نسيان المصلي لأمور معينة، يكمل الصلاة ثم يقوم بسجدة السهو,2
3,في حالة الإغفال أثناء الصلاة، يقوم المصلي بسجدة السهو لتصحيح الوضع,2
3,سجدة السهو تعتبر وسيلة لتصحيح الأخطاء التي تحدث بسبب النسيان,2
3,إذا تسبب النسيان في خلل في أداء الصلاة، يكون على المصلي أداء سجدة السهو,2
3,سجدة السهو تكون حلاً للأوقات التي ينسى فيها المصلي بعض الأمور في الصلاة,2
3,عندما يحصل الإهمال في أداء الصلاة، يكون سجدة السهو هي الطريقة لتصحيح الوضع,2
3,إذا حدث نسيان في الصلاة، يتم إكمال الصلاة ثم يأتي المصلي بسجدة السهو,2
3,سجدة السهو تكون وسيلة لتعويض الأخطاء التي قد تحدث في الصلاة بسبب النسيان,2
3,في حالة الإهمال العرضي أثناء الصلاة، يتعين على المصلي أداء سجدة السهو,2
3,سجدة السهو تكون ضرورية عندما يحصل تقصير في الأداء الصحيح للصلاة,2
3,إذا تسبب النسيان في تقصير أو خطأ، يكون المصلي ملزمًا بأداء سجدة السهو,2
3,عندما يتسبب الإهمال في نقص أداء الصلاة، يكون على المصلي أداء سجدة السهو,2
3,سجدة السهو تُعتبر إجراءً لتصحيح الأوضاع التي يمكن أن تحدث في الصلاة,2
3,في حالة النسيان أو الإغفال، يقوم المصلي بسجدة السهو لتصحيح الصلاة,2
3,سجدة السهو تُعتبر توبيخًا للنسيان في الصلاة ووسيلة للتعويض,2
3,إذا تسبب النسيان في أي خطأ في الصلاة، يكون المصلي ملزمًا بسجدة السهو,2
3,عندما يتعلق الأمر بالنسيان في الصلاة، يكمل المصلي الصلاة ويؤدي سجدة السهو,2
3,سجدة السهو تأتي كتعويض عن الأخطاء التي تحدث في الصلاة بسبب الإهمال,2
3,في حالة تقصير أو إغفال في الأداء الصلاة، يتم أداء سجدة السهو,2
3,سجدة السهو تكون وسيلة لتصحيح الصلاة عندما يحدث النسيان,2
3,إذا حدث إهمال في الصلاة، يتعين على المصلي أداء سجدة السهو,2
3,سجدة السهو تكون إجراءً لتصحيح الأخطاء التي تحدث نتيجة للنسيان,2
3,عندما ينسى المصلي شيئًا في الصلاة، يكمل الصلاة ثم يؤدي سجدة السهو,2
3,في حالة الإهمال، يتم أداء سجدة السهو لتصحيح الأمور في الصلاة,2
3,سجدة السهو تكون ضرورية لتصحيح الصلاة عندما يحدث النسيان,2
3,عندما يحدث أي إغفال أو نسيان في الصلاة، يكون على المصلي أداء سجدة السهو,2
3,سجدة السهو تأتي كتصحيح للأوقات التي ينسى فيها المصلي بعض الأمور في الصلاة,2
3,في حالة التقصير أو الإهمال، يؤدي المصلي سجدة السهو لتصحيح الصلاة,2
3,سجدة السهو تكون وسيلة لتعويض الأخطاء التي تحدث في الصلاة بسبب النسيان,2
3,عندما ينسى المصلي أمورًا معينة في الصلاة، يؤدي سجدة السهو لتصحيح الوضع,2
3,في حالة ترك شيء معين في الصلاة، يأتي المصلي بسجدة السهو,2
3,سجدة السهو تعتبر إجراءً لتصحيح الأوضاع التي يمكن أن تحدث في الصلاة,2
3,في حالة الإهمال أو النسيان، يؤدي المصلي سجدة السهو لتصحيح الصلاة,2
3,سجدة السهو تأتي كتعويض للأوقات التي ينسى فيها المصلي بعض الأمور في الصلاة,2
3,عندما يحدث إهمال في أداء الصلاة، يكون المصلي ملزمًا بأداء سجدة السهو,2
3,سجدة السهو تكون ضرورية لتصحيح الأخطاء التي قد تحدث في الصلاة بسبب النسيان,2
3,إذا تسبب النسيان في أي خطأ في الصلاة، يكون المصلي ملزمًا بأداء سجدة السهو,2
3,في حالة النسيان أو الإغفال، يؤدي المصلي سجدة السهو لتصحيح الصلاة,2
3,سجدة السهو تكون وسيلة لتعويض الأخطاء التي تحدث في الصلاة بسبب النسيان,2
3,عندما يتعلق الأمر بالنسيان في الصلاة، يكمل المصلي الصلاة ويؤدي سجدة السهو,2
3,في حالة الإهمال، يتم أداء سجدة السهو لتصحيح الأمور في الصلاة,2
3,في حالة تقصير أو إغفال في الأداء الصلاة، يؤدي المصلي سجدة السهو,2
3,سجدة السهو تعتبر إجراءً لتصحيح الصلاة وضمان سلامتها في حالة النسيان,2
3,إذا تسبب النسيان في أي خطأ في الصلاة، يكون المصلي ملزمًا بأداء سجدة السهو,2
3,سجدة السهو تكون وسيلة لتصحيح الأخطاء التي قد تحدث في الصلاة بسبب النسيان,2
3,عندما يحدث أي تقصير في أداء الصلاة، يكون المصلي ملزمًا بأداء سجدة السهو,2
3,سجدة السهو تعتبر تعويضًا للأوقات التي ينسى فيها المصلي بعض الأمور في الصلاة,2
3,في حالة النسيان، يقوم المصلي بأداء سجدة السهو لضمان صحة الصلاة,2
3,سجدة السهو تكون ضرورية لتصحيح الأوضاع في الصلاة بسبب الإهمال أو النسيان,2
3,إذا تسبب النسيان في أي خطأ في الصلاة، يكون المصلي ملزمًا بسجدة السهو,2
3,سجدة السهو تعتبر وسيلة لتصحيح الصلاة في حالة النسيان أو الإغفال,2
3,عندما يحدث أي إهمال في أداء الصلاة، يقوم المصلي بأداء سجدة السهو للتصحيح,2
3,إذا كان هناك أي خطأ في الصلاة، يكمل المصلي الصلاة ويأتي بسجدة السهو,2
3,سجدة السهو تكون ضرورية لتصحيح الأخطاء التي تحدث في الصلاة بسبب الإهمال,2
3,في حالة ترك شيء معين أو تجاوز في الصلاة، يؤدي المصلي سجدة السهو,2
3,سجدة السهو تأتي كتعويض للأمور التي قد تفوت المصلي خلال أداء الصلاة,2
3,عندما يحدث أي إغفال في أداء الصلاة، يكون على المصلي أداء سجدة السهو,2
3,سجدة السهو تعتبر إجراءً لتصحيح الصلاة وضمان سلامتها في حالة النسيان,2
3,إذا حدث أي تقصير في الأداء الصحيح للصلاة، يقوم المصلي بأداء سجدة السهو,2
3,سجدة السهو تكون وسيلة لتصحيح الأخطاء التي تحدث نتيجة للإهمال في الصلاة,2
3,في حالة ترك شيء معين في الصلاة، يأتي المصلي بسجدة السهو لتعويض النقص,2
3,عندما يتعلق الأمر بالنسيان في الصلاة، يؤدي المصلي سجدة السهو لتصحيح الأوضاع,2
3,سجدة السهو تعتبر إجراءً ضروريًا لتصحيح الصلاة في حالة النسيان,2
3,إذا كان هناك أي إهمال في أداء الصلاة، يكون المصلي ملزمًا بأداء سجدة السهو,2
3,سجدة السهو تكون وسيلة لتصحيح أي تقصير أو نسيان في أداء الصلاة,2
3,عندما يحدث خطأ غير مقصود في الصلاة، يُقدم المصلي سجدة السهو,2
3, السهو,2
3, سهو,2
3,السجدة التي يأتي بها المصلي في حالة النسيان هي سجدة الركوب,0
3,عندما ينسى المصلي شيئًا في الصلاة، يؤدي سجدة الانقلاب,0
3,سجدة الدوران,0
3,في حالة الإهمال أثناء الصلاة، يتم أداء سجدة الدوران,0
3,السجدة المناسبة للنسيان هي سجدة القفز العالي,0
3,نسيان ,0
3,المصلي يؤدي سجدة الركلة عندما ينسى جزءًا من الصلاة,0
3,في حالة الإغفال، يعمد المصلي إلى سجدة الوتدة,0
3,سجود السهو,2
3,ليس لدي أدنى فكرة ,0
3,ليس لدي معلومة,0
3,ليس لدي فكرة ,0
3,لا أعرف ,0
3,سجدة نسيان ,0
3,السجدة التي يأتي بها المصلي في حالة نسيان في أمور معينة أثناء الصلاة هي سجدة النسيان,0
3,إذا كان هناك نسيان في الأداء الصحيح للصلاة، يكون سجدة النسيان ضرورية,0
3,سجدة,0
3,سجدة 2,0
3,سجدة  لتصحيح,0
3,سجدة تكون ضرورية لتصحيح الأخطاء,0
3,سجدة   الإغفال,0
3,ساهو,0
4, آخر امرأة تزوجها رسول الله صلى الله عليه وسلم ميمونة بنت الحارث,2
4,أخيرًا، كان زواج النبي صلى الله عليه وسلم من ميمونة بنت الحارث,2
4, ميمونة بنت الحارث,2
4, ميمونة ,1
4,زواج النبي صلى الله عليه وسلم من ميمونة بنت الحارث كان آخر زيجة له,2
4,النبي صلى الله عليه وسلم أتم زواجه بميمونة بنت الحارث,2
4,ميمونة بنت الحارث كانت زوجة النبي صلى الله عليه وسلم الأخيرة,2
4,ميمونة بنت الحارث كانت زوجة آخر زواج للنبي صلى الله عليه وسلم,2
4,ميمونة بنت الحارث كانت الزوجة الرابعة عشرة للنبي صلى الله عليه وسلم,2
4,زواج النبي صلى الله عليه وسلم من ميمونة كان ختامًا لحياته الزوجية,2
4,ميمونة بنت الحارث كانت زوجة النبي صلى الله عليه وسلم الأخيرة,2
4,ميمونة بنت الحارث كانت زوجة النبي صلى الله عليه وسلم في آخر أيامه,2
4,النبي صلى الله عليه وسلم تزوج ميمونة بنت الحارث بعد وفاة زوجها السابق,2
4,آخر امرأة دخلت بيت النبي صلى الله عليه وسلم كانت ميمونة بنت الحارث,2
4,النبي صلى الله عليه وسلم تزوج ميمونة بنت الحارث في آخر فترة من حياته,2
4,زواج النبي صلى الله عليه وسلم من ميمونة كان خاتمة لمسيرته الزوجية,2
4,ميمونة بنت الحارث رضي الله عنها,2
4,  آخر امرأة تزوجها رسول الله صلى الله عليه وسلم ميمونة بنت الحارث رضي الله عنها,2
4,  آخر امرأة تزوجها رسول الله صلى الله عليه وسلم  هي ميمونة بنت الحارث رضي الله عنها ,2
4,النبي صلى الله عليه وسلم اختار ميمونة بنت الحارث لتكون زوجته الأخيرة,2
4,ميمونة بنت الحارث كانت الزوجة التي أسعد بها النبي صلى الله عليه وسلم,2
4,زواج النبي صلى الله عليه وسلم من ميمونة كان في أواخر سنوات حياته,2
4,النبي صلى الله عليه وسلم اتخذ ميمونة بنت الحارث زوجة في الفترة الأخيرة,2
4,زواج النبي صلى الله عليه وسلم من ميمونة بنت الحارث,2
4,النبي صلى الله عليه وسلم قرر الزواج من ميمونة بنت الحارث في آخر سنواته,2
4,زواج النبي صلى الله عليه وسلم من ميمونة كان ختامًا لسلسلة زيجاته,2
4,النبي صلى الله عليه وسلم اتخذ ميمونة بنت الحارث زوجة في آخر أيامه,2
4,ميمونة بنت الحارث كانت زوجة النبي صلى الله عليه وسلم في فترة المدينة,2
4,ميمونة بنت الحارث كانت آخر امرأة تزوجها رسول الله صلى الله عليه وسلم,2
4,ميمونة بنت الحارث كانت  آخر زوجة النبي صلى الله عليه وسلم,2
4,ميمونة بنت الحارث كانت آخر امرأة تدخل بيت النبي صلى الله عليه وسلم بالنكاح,2
4,ميمونة بنت الحارث كانت الفتاة التي قرر النبي صلى الله عليه وسلم زواجها في آخر عمره,2
4,زواج النبي صلى الله عليه وسلم من ميمونة بنت الحارث,2
4,ميمونة بنت الحارث كانت الزوجة التي أحاطت النبي صلى الله عليه وسلم بالرعاية في آخر أيامه,2
4,النبي صلى الله عليه وسلم اختار ميمونة بنت الحارث لتكون الزوجة الأخيرة التي يتزوجها,2
4,النبي صلى الله عليه وسلم أخذ بيد ميمونة بنت الحارث في آخر لحظات من حياته,2
4,ميمونة بنت الحارث كانت  آخر الزوجة,2
4,زواج النبي صلى الله عليه وسلم من ميمونة بنت الحارث كان تجسيدًا للرحمة والحنان في آخر أيامه,2
4,زواج النبي صلى الله عليه وسلم من ميمونة بنت الحارث كان استمرارًا للمثل الزوجي النبوي,2
4,ميمونة بنت الحارث كانت الزوجة التي شاركت في بناء جسر من المحبة والتفاهم مع النبي صلى الله عليه وسلم,2
4,النبي صلى الله عليه وسلم اختار ميمونة بنت الحارث لتكون الرفيقة في رحلة الحياة الأخيرة,2
4,النبي صلى الله عليه وسلم اتخذ ميمونة بنت الحارث لتكون الرفيقة الحنونة في رحلته الأخيرة,2
4,ميمونة بنت الحارث كانت الفتاة التي أضاءت حياة النبي صلى الله عليه وسلم في آخر أيامه,2
4,زواج النبي صلى الله عليه وسلم من ميمونة بنت الحارث,2
4,ميمونة بنت حارث,2
4,بنت الحارث,1
4,ميمونة بنت الحارث رضي الله عنها,2
4, ميمونة بنت حارث رضي الله عنها,2
4,ميمونة بنت الحارث هي  زوجة  الأخيرة ,2
4,ميمونة بنت الحارث هي  زوجة   رسول الأخيرة ,2
4, خديجة بنت خويلد,0
4,سودة بنت زمعة,0
4,عائشة بنت أبي بكر,0
4,بنت عمر بن الخطاب,0
4,أم سلمة بنت أبي أمية,0
4,زينب بنت خزيمة,0
4,أم حبيبة بنت أبي سفيان,0
4, جويرية,0
4,زينب بنت جحش,0
4,بنت أبي سفيان,0
4,سفية بنت حيي,0
4,فاطمة بنت القاسم,0
4,فاطمة بنت زيد,0
4, حفصة بنت عمرو,0
4, أم حبيبة بنت أبي سفيان,0
4,عائشة بنت جعفر,0
4, آخر امرأة تزوجها رسول الله صلى الله عليه وسلم عائشة ,0
4,آخر امرأة تزوجها رسول الله صلى الله عليه وسلم زينب بنت أبي سلمة,0
4,آخر امرأة تزوجها رسول الله صلى الله عليه وسلم حفصة بنت عمر,0
4,فاطمة بنت عبد المطلب,0
4,تزوج حكيمة,0
4,فاطمة بنت الحسين,0
4,زينب بنت جح,0
4,آخر امرأة تزوجها رسول الله صلى الله عليه وسلم,0
4,آخر امرأة تزوجها,0
4, عائشة بنت الوليد,0
4,حفصة بنت علي,0
4,عائشة بنت الوليد,0
4,زواج النبي صلى الله عليه وسلم من عائشة كان آخر زيجة له,0
4,عائشة كانت زوجة النبي صلى الله عليه وسلم الأخيرة,0
4,آخر امرأة تزوجها النبي صلى الله عليه وسلم كانت فاطمة بنت الزهراء,0
4,زوجة النبي صلى الله عليه وسلم في النهاية كانت تسمى أم السلام,0
4,آخر زوجة للنبي صلى الله عليه وسلم كانت عائشة,0
4,عائشة أم المؤمنين,0
4,آخر امرأة تزوجها رسول الله صلى الله عليه وسلم عائشة أم المؤمنين,0
4,أم المؤمنين,0
4,آخر امرأة تزوجها رسول الله صلى الله عليه وسلم أم المؤمنين,0
4,آخر امرأة,0
4,خديجة علي ابن ابي طالب أبو بكر الصديق,0
4,أم المؤمنين خديجة رضي الله عنها,0
4, ,0
4,لم أفهم,0
4,0,0
4,لا أعرف ,0
4,ليس لدي فكرة,0
4,ليس لدي معلومة,0
4,ليس لدي أدنى فكرة ,0
4,حفصة ,0
4,رملة ,0
4,خديجة  آخر امرأة تزوجها رسول الله صلى الله عليه وسلم,0
5,سورة يس هي قلب القرآن,2
5,السورة التي تُلقب بقلب القرآن هي سورة يس,2
5,يس هي السورة المعروفة باسم قلب القرآن,2
5,سورة يس,2
5, يس,2
5,سورة يس تُعتبر قلب الكتاب العزيز,2
5,السورة الوسطى والمركزية في القرآن هي سورة يس,2
5,السورة التي تشكل أساس القرآن هي يس,2
5,يس تعد النواة والقلب الحقيقي للقرآن الكريم,2
5,سورة يس هي قلب وأساس الكتاب المقدس,2
5,يس هي السورة التي تحمل لقب قلب الكتاب المقدس,2
5,السورة الوسطى والبينة للقرآن هي سورة يس,2
5,سورة يس هي النص القرآني الذي يشكل جوهر الكتاب المقدس,2
5,يس تحمل لقب قلب القرآن الكريم,2
5,سورة يس تمثل محورًا أساسيًا في هيكل القرآن,2
5,قلب القرآن هو تسمية تُطلق على سورة يس,2
5,يس هي السورة التي تعتبر قلب الكتاب العظيم,2
5,السورة المركزية والروحية للقرآن هي يس,2
5,يس هي النصية الوسطى والبارزة في القرآن الكريم,2
5,سورة يس هي السورة التي تشغل موضع القلب في القرآن,2
5,سورة يس هي قلب القرآن الكريم وجوهره,2
5,يس تحمل لقب السورة الوسطى والحيوية للكتاب المقدس,2
5,سورة يس هي الركيزة الأساسية والقلب الحي للقرآن,2
5,يس هي السورة التي تحتل مكانة خاصة في هيكل الكتاب المقدس,2
5,سورة يس تُلقب بالعمود الفقري للقرآن الكريم,2
5,قلب القرآن يتجلى في سورة يس ,2
5,سورة يس هي المركز الروحي واللغوي للقرآن الكريم,2
5,يس تمثل النقطة المركزية والبارزة في كتاب الله,2
5,يس هي السورة التي تجسد قلب وجوهر النص القرآني,2
5,يس تحتل مكانة خاصة كسورة محورية في القرآن,2
5,سورة يس هي السورة الرئيسية والحيوية للقرآن الكريم,2
5,يس تمثل قلب الكتاب الله,2
5,يس هي السورة التي تجسد قلب وجوهر النص القرآني,2
5,يس تحتل مكانة خاصة كسورة محورية في القرآن,2
5,سورة يس هي السورة الرئيسية والحيوية للقرآن الكريم,2
5,سورة يس تحمل لقب الركيزة الأساسية في بنية الكتاب المقدس,2
5,سورة يس هي السورة التي تشكل نقطة الارتكاز للقرآن,2
5,انها سورة يس,2
5,إنها سورة يس,2
5,إنها يس,2
5,انها يس,2
5,انها سورة يسالتي تسمى قلب القرأن ,2
5,السورة التي تسمى قلب القرأن إنها سورة يس,2
5,السورة التي تسمى قلب القرأن هي يس,2
5,يس قلب القرأن ,2
5,السورة  يس قلب القرأن,2
5, يس هي قلب القرآن ,2
5, هي يس  ,2
5,هي سورة يس,2
5, سورة الفاتحة,0
5, السورة التي تسمى قلب القرأن هي سورة الفاتحة,0
5, الفاتحة,0
5, هي سورة الفاتحة,0
5,التوبة,0
5,سورة التوبة,0
5, التوبة هي السورة التي تسمى قلب القرأن,0
5,البقرة  هي السورة التي تسمى قلب القرأن,0
5,  سورة البقرة ,0
5,البقرة هي قلب القرأن,0
5,هي سورة البقرة ,0
5,سورة البقرة ,0
5,سورة  ,0
5,السورة التي تسمى قلب القرأن,0
5,سورة الأحزاب,0
5,سورة الأحزاب هي السورة التي تسمى قلب القرأن,0
5, الأحزاب هي السورة التي تسمى قلب القرأن,0
5,الأحزاب,0
5, سورة النمل,0
5,سورة الملك,0
5,سورة الملك هي السورة التي تسمى قلب القرأن ,0
5,سورة النور,0
5,سورة النور هي السورة التي تسمى قلب القرأن,0
5, الأنفال,0
5, الأنفال هي السورة التي تسمى قلب القرأن,0
5,سورة يوسف,0
5,سورة يوسف  هي السورة التي تسمى قلب القرأن,0
5, يوسف هي  قلب القرأن,0
5, السورة التي تسمى قلب القرأن هي يوسف,0
5,سورة الفتح,0
5,سورة الفتح هي السورة التي تسمى قلب القرأن,0
5,هي السورة التي تسمى قلب القرأن,0
5,سورة الفاتحة,0
5,سورة الفاتحة هي السورة التي تسمى قلب القرأن ,0
5,سورة الإخلاص,0
5,سورة الإخلاص هي السورة التي تسمى قلب القرأن,0
5, سورة آل عمران,0
5,  السورة التي تسمى قلب القرأن هي  سورة آل عمران ,0
5,سورة الرحمن ,0
5,سورة النساء,0
5,سورة الطلاق ,0
5,سورة الأنفال,0
5,السورة ,0
5,ي,0
5,سورة ياسين,0
5,سورة ياسين هي السورة التي تسمى قلب القرأن,0
5,السورة التي تسمى قلب القرأن  هي سورة ياسين,0
5,السورة التي تسمى قلب القرأن  هي ياسين,0
5,ياسين,0
6,النبي الذي أُلقب بالذبيح هو النبي إسماعيل عليه السلام,2
6,النبي الذي أُلقب بالذبيح هو النبي إسماعيل ,2
6,إسماعيل هو النبي الذي أُطلق عليه لقب الذبيح,2
6,الذبيح هو لقب يتعلق بالنبي إسماعيل عليه السلام,2
6,الذبيح هو لقب يتعلق بالنبي إسماعيل ,2
6, إسماعيل عليه السلام,2
6,النبي إسماعيل عليه السلام,2
6,النبي إسماعيل حمل لقب الذبيح في القرآن,2
6,لقب الذبيح يُرتبط بالنبي إسماعيل عليه السلام,2
6,إسماعيل ,2
6,الذبيح هو لقب يتعلق بالنبي إسماعيل في التراث الإسلامي,2
6,النبي الذي يُعرف بالذبيح هو إسماعيل عليه السلام,2
6,إسماعيل هو النبي الذي حمل لقب الذبيح في القصص الدينية,2
6,اللقب الذي حمله إسماعيل هو الذبيح,2
6,في تراث الإسلام، إسماعيل يُشار إليه بلقب الذبيح,2
6,النبي إسماعيل هو الذي يُلقب بالذبيح في القرآن الكريم,2
6,في سياق القصص الدينية، يُعتبر إسماعيل الذبيح,2
6,لقب الذبيح يُرتبط بشكل خاص بالنبي إسماعيل,2
6,النبي الذي حمل لقب الذبيح هو إسماعيل عليه السلام,2
6,إسماعيل يُعرف بلقب الذبيح في تراث الأنبياء,2
6,الذبيح هو لقب يُطلق على إسماعيل في القرآن,2
6,في القصص الدينية، يُلقب إسماعيل بالذبيح,2
6,إسماعيل عليه السلام هو النبي الذي يُسمى بالذبيح,2
6,اللقب الذي حمله إسماعيل في القرآن هو الذبيح,2
6,في سياق الأنبياء، يُرتبط إسماعيل بلقب الذبيح,2
6,الذبيح هو لقب يتعلق بالنبي إسماعيل ودوره الفريد في التاريخ الإسلامي,2
6,في السنة الإسلامية، يظهر إسماعيل بلقب الذبيح كرمز للتضحية والبراءة,2
6,النبي إسماعيل يظهر كلقب الذبيح في السيرة النبوية,2
6,الذبيح هو لقب يتردد في قصص الأنبياء، خاصة مع إسماعيل,2
6,إسماعيل الذبيح يُشدد على دوره الفريد في تاريخ الأنبياء والرسل,2
6,الذبيح هو لقب يعبر عن التضحية والطاعة، ويُرتبط بإسماعيل,2
6,في التراث الإسلامي، يتم تقدير النبي إسماعيل بشكل كبير من خلال لقب الذبيح,2
6,الذبيح هو لقب يرافق إسماعيل في القصص الدينية كرمز للفداء,2
6,الذبيح هو إسماعيل,2
6,في قصة التضحية، يظهر إسماعيل بلقب الذبيح، مُظهرًا الطاعة والتفاني,2
6,الذبيح هو لقب يُبرز دور إسماعيل في القصص الدينية كرمز للإيمان,2
6,في السنة النبوية، يتألق إسماعيل بلقب الذبيح بسبب قصة التضحية,2
6,الذبيح هو لقب يتصل ارتباطًا عميقًا بتضحية إسماعيل وإبراهيم,1
6,في القرآن الكريم، يتم التأكيد على قداسة دور إسماعيل بلقب الذبيح,2
6,النبي إسماعيل يظهر كالشخصية الذبيحة، مما يجعله أحد أبرز الأنبيا,2
6,الذبيح هو لقب يُلقب به إسماعيل نظرًا للتضحية التي قدمها,2
6,الذبيح هو لقب يُلقب به إسماعيل,2
6,في السيرة النبوية، يتألق إسماعيل بلقب الذبيح كرمز للفداء والطاعة,2
6,النبي إسماعيل يبقى محط اهتمام كل من يدرس قصص الأنبياء بفضل لقب الذبيح,2
6,نبي إسماعيل ,2
6,الذبيح هو لقب يبرز دور إسماعيل في تجسيد مفهوم التضحية في الإسلام,2
6,في السيرة النبوية، يُظهر لقب الذبيح كيف قاد إسماعيل حياته,2
6,الذبيح هو لقب يُبرز شجاعة إسماعيل واستعداده للتضحية,2
6,سيدنا  إسماعيل,2
6,نبي إسماعيل,2
6,إسماعيل,2
6,لقب  إسماعيل,2
6, النبي إسماعيل عليه السلام,2
6, إسماعيل عليه السلام,2
6,إسماعيل هو النبي الذي أُطلق عليه لقب الذبيح,2
6,إسماعيل  عليه السلام هو النبي الذي أُطلق عليه لقب الذبيح,2
6,الذبيح هو لقب النبي إسماعيل عليه السلام,2
6,إسماعيل عليه السلام,2
6,الذبيح هو لقب إسماعيل عليه السلام,2
6, إسماعيل  عليه الصلاة والسلام ,2
6, سليمان بن داود,0
6, سليمان,0
6, نبي لقب بالذبيح سليمان بن داود,0
6,النبي محمد,0
6,النبي محمد رسول الله صلى الله عليه وسلم ,0
6,رسول الله صلى الله عليه وسلم ,0
6,هـود (عليه السلام),0
6,هـود ,0
6,هـود عليه السلام,0
6,نبي لقب بالذبيح هـود عليه السلام,0
6,موسى,0
6,النبي الذي أُلقب بالذبيح هو النبي موسى,0
6,النبي الذي أُلقب بالذبيح هو النبي موسى عليه السلام,0
6,عليه السلام,0
6,الذبيح هو موسى,0
6,إبراهيم,0
6,إبراهيم النبي الذي أُلقب بالذبيح,0
6,إبراهيم عليه السلام,0
6,النبي إسماعيل,0
6,النبي شعيب,0
6,الرسول محمد صلى الله عليه وسلم:,0
6,النبي يونس,0
6, إبراهيم,0
6,هارون,0
6,النبي صلى الله عليه وسلم,0
6, سيدنا إبراهيم -عليه السلام - ,0
6, إبراهيم ,0
6, النبي لوط عليه السلام,0
6,نوح ,0
6,إدريس,0
6, يحيى - عليه السلام -,0
6, يحيى,0
6,سيدنا موسى,0
6,موسى,0
6,سيدنا موسى هو النبي الذي أُطلق عليه لقب الذبيح,0
6,هو النبي الذي أُطلق عليه لقب الذبيح,0
6,سليمان عليه السلام,0
6,سليمان ,0
6, ,0
7,موسى عليه السلام,2
7,موسى,2
7,موسى عليه الصلاة و السلام ,2
7,النبي موسى ,2
7,النبي موسى عليه السلام,2
7,النبي موسى عليه الصلاة و السلام,2
7,النبي موسى عليه أفضل الصلاة و السلام,2
7,موسى عليه أفضل الصلاة و السلام,2
7,نبي الله موسى,2
7,موسى نبي الله,2
7,كليم الله هو موسى,2
7,كليم الله هو النبي موسى,2
7,كليم الله هو نبي موسى عليه السلام ,2
7,كليم الله هو النبي موسى عليه أفضل الصلاة و السلام,2
7,هو النبي موسى,2
7,هو النبي موسى علي السلام,2
7,هو النبي موسى عليه الصلاة و السلام,2
7,هو النبي موسى علي أفضل الصلاة و السلام ,2
7,هو نبي الله موسى ,2
7,هو موسى عليه أفضل الصلاة و السلام,2
7,هو موسى عليه الصلاة و السلام,2
7,هو موسى عليه السلام,2
7,عيسى,0
7,الجواب هو موسى,2
7,الجواب هو موسى عليه السلام,2
7,الجواب هو موسى عليه الصلاة و السلام,2
7,الجواب هو موسى عليه أفضل الصلاة و السلام,2
7,الجواب هو نبي الله موسى,2
7,الجواب هو النبي موسى ,2
7,الجواب هو النبي موسى عليه السلام,2
7,الجواب هو النبي موسى عليه الصلاة و السلام,2
7,الجواب هو النبي موسى عليه أفضل الصلاة و السلام,2
7,خود عليه السلام,0
7,موسى عليه أفضل الصلاة و السلام ,2
7,كليم الله هو مصطلح إسلامي يُستخدم للإشارة إلى موسى عليه السلام الذي تكلم الله معه مباشرة,2
7,كليم الله في الإسلام هو اللقب الذي يعطى لموسى عليه السلام نظرًا لتحدث الله معه مباشرة وبشكل خاص,2
7,كليم الله هو لقب موسى عليه السلام في الإسلام، حيث تفاعل مع الله مباشرة وتلقى تعاليمه ورسائله,2
7,كليم الله هو لقب موسى عليه السلام في الإسلام، ,2
7,كليم الله هو لقب موسى عليه الصلاة السلام في الإسلام,2
7,كليم الله هو لقب النبي موسى عليه السلام في الإسلام,2
7,كليم الله هو لقب النبي موسى عليه الصلاة و السلام في الإسلام,2
7,كليم الله هو لقب النبي موسى عليهأفضل الصلاة و السلام في الإسلام,2
7,كليم الله هو لقب النبي موسى عليه السلام ,2
7,كليم الله هو لقب موسى عليه السلام ,2
7,كليم الله هو لقب النبي موسى عليه أفضل الصلاة و السلام ,2
7,كليم الله هو لقب النبي موسى عليه الصلاة و السلام ,2
7, ورد في القرآن الكريم أن الله تكلم مع موسى عليه السلام,2
7,ورد في القرآن الكريم أن الله تكلم مع النبي موسى عليه السلام,2
7,ورد في القرآن الكريم أن الله تكلم مع النبي موسى ,2
7,ورد في القرآن الكريم أن الله تكلم مع موسى عليه السلام مباشرة,2
7,موسى عليه السلام,2
7,موسى,2
7,موسى,2
7,النبي موسى,2
7,النبي موسى,2
7,النبي موسى,2
7,محمد عليه السلام,0
7,النبي عيسى,0
7,لا أعرف,0
7,موسى,2
7,موسى,2
7,موسى,2
7,موسى عليه السلام,2
7,موسى,2
7,كليم الله هو موسى ,2
7,كليم الله هو موسى ,2
7,كليم الله هو موسى ,2
7,كليم الله هو موسى ,2
7,كليم الله هو موسى ,2
7,كليم الله هو موسى ,2
7,كليم الله هو موسى ,2
7,النبي موسى,2
7,النبي موس,2
7,النبي موسى,2
7,النبي موسى,2
7,النبي موسى,2
7,محمد,0
7,عيسى,0
7,يوسف,0
7,محمد,0
7,لا أعرف,0
7,موسى ,2
7,موسى,2
7,موسى ,2
7,موسى ,2
7,كليم الله موسى,2
7,كليم الله موسى,2
7,كليم الله موسى,2
7,كليم الله موسى,2
7,كليم الله موسى,2
7,كليم الله موسى,2
7,لا أعلم,0
7,لا أعلم,0
7,عيسى,0
7,كليم الله هو,0
7,موسى عليه السلام,2
7,نبي الله موسى ,2
7,محمد ,0
7,هود,0
7,النبي موسى,2
7,موسى,2
7, كليم الله  هو,0
7,كليم  الله,0
7, هود هو كليم الله,0
7, هود هو كليم الله,0
7,عيسى هو كليم الله,0
7,عيسى,0
7,عيسى هو كليم الله,0
7,هو كليم الله,0
7,عيسى,0
7,عيسى هو كليم الله,0
7,كليم الله  هو عيسى,0
7,كليم الله  هو عيسى,0
7,كليم الله  هو عيسى,0
7,كليم الله  هو عيسى,0
7,كليم الله  هو عيسى,0
7,كليم الله  هو عيسى,0
7,كليم الله  هو عيسى,0
8,غزوة بدر,2
8,الغزوة التي قادها المسلمون في رمضان هي غزوة بدر,2
8,الغزوة اسمها بدر,2
8,الغزوة اسمها غزوة بدر,2
8,اسمها غزوة بدر,2
8,اسمها بدر ,2
8,أول غزوة هي غزوة بدر,2
8,أول غزوة هي بدر ,2
8,تدعى غزوة بدر ,2
8,اسم الغزوة غزوة بدر,2
8,انها غزوة بدر ,2
8,ان غزوة بدر هي اول غزوة قادها المسلمون في رمضان,2
8,الجواب الصحيح هو غزوة بدر ,2
8,غزوة حنين ,0
8,غزوة أحد,0
8, الجواب هو بدر,2
8,الجواب هو غزوة بدر,2
8,جواب السؤال هو غزوة بدر,2
8,تدعى غزوة بدر,2
8, أول غزوة فادها المسلمون في رمضان هي غزوة بدر,2
8,لا أعلم,0
8,لا أعرف,0
8,لا أعرف الاجابة,0
8,انها غزوة بدر,2
8,أول غزوة نفذها المسلمون في شهر رمضان كانت غزوة البدر,2
8,المسلمون شنوا أول غزوة في شهر رمضان وكانت تسمى غزوة البدر,2
8,غزوة البدر كانت الغزوة الأولى التي قادها المسلمون في شهر رمضان,2
8,في رمضان، نفذ المسلمون غزوة البدر كأول غزوة لهم,2
8,غزوة البدر هي الغزوة الأولى التي قادها المسلمون في شهر رمضان,2
8,غزوة البدر هي الغزوة الأولى التي قادها المسلمون في شهر رمضان,2
8,المسلمون شنوا غزوة البدر كأول غزوة في شهر رمضان,2
8,غزوة البدر,2
8,غزوة  بدر,2
8,بدر,2
8,غزوة البدر كانت الغزوة الأولى للمسلمين في رمضان,2
8,المسلمون قادوا غزوة البدر كأول غزوة في شهر رمضان,2
8,غزوة البدر كانت أول معركة نشبت في شهر رمضان,2
8,في رمضان، شن المسلمون غزوة البدر كأول غزوة لهم,2
8,غزوة البدر هي الحدث العسكري الأول الذي نفذه المسلمون في شهر رمضان,2
8,أول غزوة في شهر رمضان كانت غزوة البدر التي قادها المسلمون,2
8,المسلمون نظموا غزوة البدر كأول غزوة لهم في شهر رمضان,2
8,غزوة البدر هي الحدث العسكري الذي وقع في رمضان وكان أول غزوة للمسلمين,2
8,في شهر رمضان، شن المسلمون غزوة البدر كأول فعالية عسكرية لهم,2
8,غزوة البدر كانت الغزوة الأولى في رمضان وكانت قيادتها للمسلمين,2
8,أول غزوة في شهر رمضان كانت غزوة البدر وكانت ناجحة للمسلمين,2
8,المسلمون نفذوا غزوة البدر كأول غزوة في شهر رمضان,2
8,غزوة البدر هي الحدث التاريخي الذي وقع في شهر رمضان وكانت الغزوة الأولى للمسلمين,2
8,غزوة البدر  كانت هي الغزوة الأولى للمسلمين  في رمضان,2
8,غزوة البدر,2
8,بدر,2
8,كانت غزوة البدر,2
8,غزوة بدر,2
8,غزوة البدر  أول غزوة قادها المسلمون في رمضان,2
8,البدر أول غزوة قادها المسلمون في رمضان,2
8,غزوة البدر أول غزوة قادها المسلمون في رمضان,2
8,غزوة البدر هي أول غزوة قادها المسلمون في رمضان,2
8,غزوة البدر,2
8,غزوة البدر كانت الغزوة الأولى للمسلمين في رمضان,2
8,غزوة البدر كانت الغزوة الأولى للمسلمين في رمضان,2
8,غزوة البدر كانت الغزوة الأولى للمسلمين في رمضان,2
8,غزوة الأبواء,0
8,غزوة بني لحيان,0
8, غزوة الحديبية,0
8, غزوة الحديبية أول غزوة قادها المسلمون في رمضان,0
8,أول غزوة قادها المسلمون في رمضان,0
8,غزوة ذي قرد,0
8, غزوة خيبر,0
8, غزوة خيبر أول غزوة قادها المسلمون في رمضان,0
8,غزوة بواط,0
8,غزوة العشيرة  أول غزوة قادها المسلمون في رمضان,0
8,غزوة بدر الكبرى,2
8,غزوة بدر الكبرى  أول غزوة قادها المسلمون في رمضان,2
8,غزوة تبوك,0
8,غزوة تبوك أول غزوة قادها المسلمون في رمضان,0
8,غزوة حمراء الأسد,0
8,غزوة حمراء الأسد أول غزوة قادها المسلمون في رمضان,0
8,غزوة دومة الجندل,0
8,معركة اليرموك,0
8,غزوة أُحُد,0
8,غزوة أُحُد أول غزوة قادها المسلمون في رمضان,0
8,غزوة أُحُد ,0
8, أُحُد أول غزوة قادها المسلمون في رمضان,0
8,غزوة بني قينقاع,0
8,غزوة ,0
8,غزوة الحديبية,0
8,غزوة الحديبية  أول غزوة قادها المسلمون في رمضان,0
8,معركة الخندق,0
8,معركة الخندق أول غزوة قادها المسلمون في رمضان,0
8,فتح خيبر,0
8,فتح خيبر أول غزوة قادها المسلمون في رمضان,0
8,غزوة مؤتة,0
8,غزوة مؤتة أول غزوة قادها المسلمون في رمضان,0
8,فتح مكة,0
8,غزوة قادها المسلمون في رمضان,0
8,غزوة  رمضان,0
8, رمضان,0
8,غزوة,0
8,غزوة,0
8,غزوة,0
8, ,0
9,هود عليه الصلاة و السلام ,2
9,هود عليه أفضل الصلاة و السلام ,2
9,هود عليه السلام ,2
9,النبي هود عليه الصلاة و السلام ,2
9,النبي هود عليه الصلاة و السلام ,2
9,نبي الله هود ,2
9,هود,2
9,نبة الله هود,2
9,نبي الله هود,2
9,النبي المرسل إلى قوم عاد هو هود عليه السلام ,2
9,النبي المرسل إلى قوم عاد هو هود عليه الصلاة و  السلام ,2
9,النبي المرسل إلى قوم عاد هو هود عليهأفضل الصلاة و السلام ,2
9,النبي المرسل إلى قوم عاد هو النبي هود عليه السلام ,2
9,النبي المرسل إلى قوم عاد هو النبي هود ,2
9,النبي المرسل إلى قوم عاد هو  النبي هود عليه الصلاة و السلام ,2
9,النبي المرسل إلى قوم عاد هو هود ,2
9,الجواب هو هود ,2
9,الجواب هو عود عليه السلام,2
9,هو هود عليه الصلاة و السلام,2
9,هو نبي الله هود,2
9,النبي المرسل هو هود,2
9,هود عليه السلام,2
9,هود,2
9,ابراهيم عليه السلام,0
9,هود  عليه السلام,2
9,النبي هود,2
9,الرسول هود,2
9,هود النبي المرسل لقوم عاد,2
9,هود  عليه السلام كان نبياً لقوم عاد,2
9,الرسول  الذي بعثه الله لقوم عاد هو هود,2
9,هود هو النبي الذي أرسله الله لقوم عاد,2
9,النبي هود هو المرسل لقوم عاد,2
9, هود هو الرسول الذي بعثه الله إلى قوم عاد,2
9, هود هو الذي بعثه الله ليكون نبياً لقوم عاد,2
9,هود  كان رسولاً لقوم عاد,2
9,هود  عليه السلام هو النبي الذي بعثه الله لقوم عاد,2
9,الرسول  هود هو الذي أُرسل لينذر قوم عاد,2
9,هود الرسول الذي بعثه الله ليحذر قوم عاد,2
9,هود كان النبي الذي أرسله الله لقوم عاد لدعوتهم إلى الطريق الصواب.,2
9, الرسول هود هو الذي بعثه الله لتوجيه قوم عاد,2
9,هود  هو الرسول الذي بعثه الله للتنبيه على قوم عاد,2
9,هود عليه السلام النبي الذي بعثه الله لينذر قوم عاد,2
9,هود  كان رسول الله لقوم عاد.,2
9,النبي  هود هو الذي بعثه الله لدعوة قوم عاد,2
9,هود  الرسول الذي أرسله الله لينذر قوم عاد بعذابه,2
9,هود  كان من بين الأنبياء الذين بعثهم الله لقوم عاد,2
9,النبي  هود كان رسولاً مُرسلاً لقوم عاد,2
9,هود  هو الذي أُرسل لقوم عاد ليرشدهم,2
9,الرسول  هود هو الذي بعثه الله ليصحح مسار قوم عاد,2
9,هود عليه السلام الرسول الذي بعثه الله لتنبيه قوم عاد,2
9,هود  هو النبي الذي أُرسل ليحذر قوم عاد من عذاب الله,2
9,النبي  هود هو الرسول الذي أُرسل لينذر قوم عاد,2
9,هود  كان رسول الله لقوم عاد لدعوتهم إلى الحق,2
9,هود عليه السلام كان الرسول الذي بعثه الله لتوجيه قوم عاد,2
9,النبي  هود هو الذي بعثه الله لينذر قوم عاد بالعقاب,2
9,هود  الرسول الذي أُرسل لقوم عاد لتحذيرهم,2
9,هود  هو النبي الذي بعثه الله لتوجيه قوم عاد.,2
9,اارسول  هود كان الذي بعثه الله لينذر قوم عاد.,2
9,هود  عليه السلام النبي الذي بعثه الله لتحذير قوم عاد,2
9,النبي هود هو الذي بعثه الله لتوجيه قوم عاد إلى الطريق المستقيم,2
9,هود  كان رسول الله لقوم عاد ليرشدهم للحق,2
9,الرسول هود هو الذي بعثه الله ليحذر قوم عاد من عذابه,2
9,هود عليه السلام كان النبي الذي بعثه الله لتنبيه قوم عاد,2
9,هود عليه السلام الرسول الذي بعثه الله لتنبيه قوم عاد بعقابه.,2
9,هود هو النبي الذي بعثه الله ليحث قوم عاد على العودة إلى الله,2
9,الرسول هود هو الذي بعثه الله لينذر قوم عاد من الضلال,2
9, النبي هود هو الذي بعثه الله ليوجه قوم عاد للطريق الصحيح,2
9,هود عليه السلام كان الرسول الذي بعثه الله لينذر قوم عاد بعذابه,2
9,النبي المرسل الى قوم عاد هو محمد,0
9,تلنبي المرسل الى قوم عاد هو موسى عليه السلام,0
9,موسى هو النبي المرسل لقوم عاد ,0
9,النبي المرسل هو عيسى ,0
9,الجواب هو النبي عيسى ,0
9,عيسى ,0
9,النبي موسى هو الذي كان مرسل لقوم عاد,0
9, محمد هو الذي بعثه الله ليكون نبياً لقوم عاد.,0
9,ابراهيم عليه السلام ,0
9,لا أعرف الجواب,0
9,ابراهم هو النبي المرسل,0
9,الرسول ابراهيم عليه أفضل الصلاة و السلام ,0
9,الرسول ابراهيم,0
9,الجواب هو النبي عيسى عليه السلام  ,0
9,لا أعرف جواب هاذا السؤال ,0
9,عيسى هو النبي المرسل إلى قوم عاد,0
9,عيسى كان رسولا لقوم عاد,0
9,النبي عيسى  كان رسولا مُرسلا لقوم عاد,0
9,ابراهيم,0
9, عيسى هو النبي المرسل لقوم عاد,0
9,عيسى هو  الرسول الذي بعثه الله ليحذر قوم عاد,0
9,عيسى هو الذي أُرسل لقوم عاد ليرشدهم,0
9,الرسول عيسى كان الذي بعثه الله لينذر قوم عاد,0
9,الرسول عيسى هو الذي بعثه الله لينذر قوم عاد من الضلال.,0
9,هود عليه السلام,2
9,هود ,2
9,هود ,2
9,ابراهيم,0
9,النبي المرسل لقوم عاد هو ,0
9,محمد هو النبي المرسل الى قوم عاد ,0
9,الجواب هو اسماعيل,0
9,النبي موسى عليه السلام,0
10,رسل الله النبي صالح إلى قوم ثمود,2
10,أرسل النبي صالح لدعوة قوم ثمود إلى الطريق الصالح,2
10,الله أرسل النبي صالح ليهدي قوم ثمود,2
10,أرسل النبي صالح رسالة الإسلام إلى قوم ثمود,2
10,النبي صالح بعثه الله لدعوة قوم ثمود إلى الإيمان والصلاح,2
10,الله أرسل النبي صالح كنذيراً لقوم ثمود,2
10,صالح كان رسولاً أرسله الله إلى قوم ثمود,2
10,الله أمر النبي صالح ببلوغ رسالته إلى قوم ثمود,2
10,قوم ثمود أرسل الله إليهم النبي صالح ليصحح طريقهم,2
10,النبي صالح أرسله الله بالهداية لقوم ثمود,2
10,الله بعث النبي صالح رحمة لقوم ثمود,2
10,الله أرسل النبي صالح بالإرشاد لقوم ثمود,2
10,قوم ثمود كانت هدفًا لدعوة النبي صالح من الله,2
10,الله أرسل النبي صالح كنذيرًا لقوم ثمود,2
10,الله أمر النبي صالح بنشر رسالته بين قوم ثمود,2
10,الله أمر النبي صالح بنشر رسالته بين قوم ثمود,2
10,النبي صالح أُرسل لينقذ قوم ثمود من الضلال,2
10,قوم ثمود كانوا مستهدفين بدعوة النبي صالح,2
10,النبي صالح أُرسله الله ليهدي قوم ثمود,2
10,الله أرسل رسوله صالح ليدعو قوم ثمود إلى الخير,2
10,صالح كان نبيًا أُرسله الله لدعوة قوم ثمود,2
10,النبي صالح أُرسله الله لتصحيح عقيدة قوم ثمود,2
10,الله أرسل النبي صالح لإصلاح دين قوم ثمود,2
10,النبي صالح مرسول الله إلى قوم ثمود,2
10,الله أرسل النبي صالح ليبلغ دعوته إلى قوم ثمود,2
10,قوم ثمود كان الهدف الرئيسي لدعوة النبي صالح,2
10,الله أمر النبي صالح بدعوة قوم ثمود للهداية,2
10,الله أرسل رسالة النبي صالح لقوم ثمود,2
10,النبي صالح كان رسولًا من الله إلى قوم ثمود,2
10,الله أمر النبي صالح بدعوة قوم ثمود إلى الحق,2
10,صالح بعثه الله رحمة لقوم ثمود,2
10,الله أرسل النبي صالح كدليل لقوم ثمود,2
10,النبي صالح أرسله الله ليصلح دين قوم ثمود,2
10,الله أمر النبي صالح بالبلاغ لقوم ثمود,2
10,صالح كان نبيًا من الله لقوم ثمود,2
10,الله أرسل النبي صالح لينذر قوم ثمود,2
10,النبي صالح أُرسل ليهدي قوم ثمود إلى الحق,2
10,الله أمر النبي صالح بنشر دينه بين قوم ثمود,2
10,صالح أُرسله الله كنذير لقوم ثمود,2
10,الله أرسل النبي صالح برسالته لقوم ثمود,2
10,النبي صالح أرسله الله لتوجيه قوم ثمود,2
10,الله أرسل النبي صالح للدعوة إلى الصواب لقوم ثمود,2
10,قوم ثمود أرسل الله إليهم النبي صالح للإرشاد,2
10,الله أمر النبي صالح بالدعوة لقوم ثمود,2
10,النبي صالح أُرسل للإصلاح بين قوم ثمود,2
10,الله أرسل النبي صالح بالهداية لقوم ثمود,2
10,ثمود,2
10,قوم ثمود,2
10,الله أوجد النبي صالح ليوجه قوم ثمود نحو الخير,2
10,النبي صالح أُرسل ليوجه دعوته نحو قوم ثمود,2
10,النبي صالح كان رسولًا ليوجه قوم ثمود,2
10,النبي صالح أُرسله الله ليهدي قوم ثمود للصواب,2
10,صالح كان رسولًا من الله لقوم ثمود,2
10,النبي صالح أُرسله الله ليبلغ دعوته لقوم ثمود,2
10,الله أمر النبي صالح بتوجيه رسالته لقوم ثمود,2
10,الله أمر النبي صالح بالبلاغ لقوم ثمود,2
10,الله أرسل النبي صالح لتصحيح عقيدة قوم ثمود,2
10,الله أمر النبي صالح بالتبليغ لقوم ثمود,2
10,النبي صالح أُرسله الله بدعوته للإصلاح بين قوم ثمود,2
10,النبي صالح أُرسله الله بدعوته للإصلاح بين قوم ثمود,2
10,الله أمر النبي صالح بدعوة قوم ثمود للإيمان,2
10,الله أرسل النبي صالح ليوجه دعوته لقوم ثمود,2
10,صالح كان رسولًا من الله للتوجيه لقوم ثمود,2
10,صالح كان رسولًا من الله للتوجيه لقوم ثمود,2
10,الله بعث النبي صالح لإرشاد قوم ثمود للخير,2
10,النبي صالح أُرسله الله بدعوته للإصلاح بين قوم ثمود,2
10,صالح كان نبيًا أُرسله الله للتوجيه لقوم ثمود,2
10,قوم ثمود,2
10,قوم ثمود,2
10,قوم ثمود,2
10, ثمود,2
10,قوم ثمود,2
10, قوم عاد,0
10, قوم عاد,0
10, عاد,0
10,قوم لوط,0
10,أرسل النبي صالح إلى قوم ثمود,2
10,أرسل النبي صالح إلى قوم لوط,0
10,لنبي صالح أُرسل ليوجه دعوته نحو قوم لوط,0
10,أرسل النبي صالح إلى قوم,0
10,نبي صالح أرسل لقوم ثمود.,2
10,نبي صالح أرسل لقوم  لوط,0
10,لقوم ثمود أُرسل النبي صالح,2
10,لقوم عاد أُرسل النبي صالح ,0
10,دعا صالح قوم ثمود,2
10,دعا صالح قوم  لوط,0
10,لى قوم ثمود دعا النبي صالح,2
10,لى قوم لوط دعا النبي صالح,0
10,نبي صالح بعثه الله إلى قوم ثمود,2
10,نبي صالح بعثه الله إلى قوم  لوط,0
10,نبي صالح دُعي للدعوة لقومه,0
10,النبي صالح أُرسل إلى الثموديين,2
10,لا أعرف الجواب,0
10,لا أعرف,0
10,لا أعلم,0
10, لوط,0
10, ثمود ,2
10, ثمود,2
10, ثمود,2
10,قوم لوط,0
